-- phpMyAdmin SQL Dump
-- version 5.1.1
-- https://www.phpmyadmin.net/
--
-- Host: 127.0.0.1
-- Generation Time: Apr 29, 2022 at 09:26 PM
-- Server version: 10.4.20-MariaDB
-- PHP Version: 7.3.0

SET SQL_MODE = "NO_AUTO_VALUE_ON_ZERO";
START TRANSACTION;
SET time_zone = "+00:00";


/*!40101 SET @OLD_CHARACTER_SET_CLIENT=@@CHARACTER_SET_CLIENT */;
/*!40101 SET @OLD_CHARACTER_SET_RESULTS=@@CHARACTER_SET_RESULTS */;
/*!40101 SET @OLD_COLLATION_CONNECTION=@@COLLATION_CONNECTION */;
/*!40101 SET NAMES utf8mb4 */;

--
-- Database: `laravel`
--

-- --------------------------------------------------------

--
-- Table structure for table `contestants`
--

CREATE TABLE `contestants` (
  `id` bigint(20) UNSIGNED NOT NULL,
  `name` varchar(255) COLLATE utf8mb4_unicode_ci NOT NULL,
  `age` varchar(255) COLLATE utf8mb4_unicode_ci NOT NULL,
  `location` varchar(255) COLLATE utf8mb4_unicode_ci NOT NULL,
  `height` varchar(255) COLLATE utf8mb4_unicode_ci NOT NULL,
  `weight` varchar(255) COLLATE utf8mb4_unicode_ci NOT NULL,
  `birthdate` date NOT NULL,
  `image` varchar(255) COLLATE utf8mb4_unicode_ci DEFAULT NULL,
  `educational` varchar(255) COLLATE utf8mb4_unicode_ci NOT NULL,
  `number` varchar(255) COLLATE utf8mb4_unicode_ci NOT NULL,
  `created_at` timestamp NULL DEFAULT NULL,
  `updated_at` timestamp NULL DEFAULT NULL,
  `deleted_at` timestamp NULL DEFAULT NULL
) ENGINE=InnoDB DEFAULT CHARSET=utf8mb4 COLLATE=utf8mb4_unicode_ci;

--
-- Dumping data for table `contestants`
--

INSERT INTO `contestants` (`id`, `name`, `age`, `location`, `height`, `weight`, `birthdate`, `image`, `educational`, `number`, `created_at`, `updated_at`, `deleted_at`) VALUES
(1, 'Contestant 1', '1', '1', '1', '1', '2022-04-29', 'uploads/contestant/qcitHAle7szhjjHasTzRC4soev3KQ4oaAMNinJ0E.jpg', '1', '1', '2022-04-30 06:07:24', '2022-04-30 06:07:24', NULL),
(2, 'Contestant 2', '2', '2', '2', '2', '2022-04-29', 'uploads/contestant/DrIHDQqneVU5zZ5GVLKyOklMTOyzCJSd5Fk0Ho73.jpg', '2', '2', '2022-04-30 06:07:45', '2022-04-30 06:07:45', NULL),
(3, 'Contestant 3', '3', '3', '3', '3', '2022-04-29', 'uploads/contestant/39koGxOCsvlV2ju81Bf7ZdlwnNo3pYTj0gGdP6Ih.jpg', '3', '3', '2022-04-30 06:08:07', '2022-04-30 06:08:07', NULL),
(4, 'Contestant 4', '4', '4', '4', '4', '2022-04-29', 'uploads/contestant/YkJxOxcpPwA4G6puFUHw53QCPANTzTzrZBB26fyF.jpg', '4', '4', '2022-04-30 06:08:46', '2022-04-30 06:08:46', NULL),
(5, 'Contestant 5', '5', '5', '5', '5', '2022-04-29', 'uploads/contestant/MunSU9kiNGxyByZybQXCL4MhtG134E3KHWBO5RsI.jpg', '5', '5', '2022-04-30 06:09:33', '2022-04-30 06:09:33', NULL),
(6, 'Contestant 6', '6', '6', '6', '6', '2022-04-29', 'uploads/contestant/9cWvFLQqP4sQnBDYyywOX0JMs2flqvH90YG6iMSd.jpg', '6', '6', '2022-04-30 06:10:12', '2022-04-30 06:10:12', NULL),
(7, 'Contestant 7', '7', '7', '7', '7', '2022-04-29', 'uploads/contestant/zhF3d4WmGLDVxjpu795w9GS95STf6bgJuZZoY81y.jpg', '7', '7', '2022-04-30 06:10:49', '2022-04-30 06:10:49', NULL);

-- --------------------------------------------------------

--
-- Table structure for table `criterias`
--

CREATE TABLE `criterias` (
  `id` bigint(20) UNSIGNED NOT NULL,
  `event_id` bigint(20) UNSIGNED NOT NULL,
  `crt_name` varchar(255) COLLATE utf8mb4_unicode_ci NOT NULL,
  `crt_score` varchar(255) COLLATE utf8mb4_unicode_ci DEFAULT NULL,
  `created_at` timestamp NULL DEFAULT NULL,
  `updated_at` timestamp NULL DEFAULT NULL,
  `deleted_at` timestamp NULL DEFAULT NULL
) ENGINE=InnoDB DEFAULT CHARSET=utf8mb4 COLLATE=utf8mb4_unicode_ci;

--
-- Dumping data for table `criterias`
--

INSERT INTO `criterias` (`id`, `event_id`, `crt_name`, `crt_score`, `created_at`, `updated_at`, `deleted_at`) VALUES
(1, 1, 'Relevance to the theme', '30', '2022-04-30 06:06:53', '2022-04-30 06:06:53', NULL),
(2, 1, 'Costume and Props', '25', '2022-04-30 06:06:53', '2022-04-30 06:06:53', NULL),
(3, 1, 'Performance (Mastery & Projection)', '20', '2022-04-30 06:06:53', '2022-04-30 06:06:53', NULL),
(4, 1, 'Over-All Impact', '20', '2022-04-30 06:06:53', '2022-04-30 06:06:53', NULL),
(5, 1, 'Audience Impact', '5', '2022-04-30 06:06:53', '2022-04-30 06:06:53', NULL),
(6, 2, 'Figure', '30', '2022-04-30 06:06:53', '2022-04-30 06:06:53', NULL),
(7, 2, 'Deportment', '20', '2022-04-30 06:06:53', '2022-04-30 06:06:53', NULL),
(8, 2, 'Stage Presence', '20', '2022-04-30 06:06:53', '2022-04-30 06:06:53', NULL),
(9, 2, 'Bearing', '15', '2022-04-30 06:06:53', '2022-04-30 06:06:53', NULL),
(10, 2, 'Over-All Impact', '10', '2022-04-30 06:06:53', '2022-04-30 06:06:53', NULL),
(11, 2, 'Audience Impact', '5', '2022-04-30 06:06:53', '2022-04-30 06:06:53', NULL),
(12, 3, 'Elegance', '25', '2022-04-30 06:06:53', '2022-04-30 06:06:53', NULL),
(13, 3, 'Figure', '25', '2022-04-30 06:06:53', '2022-04-30 06:06:53', NULL),
(14, 3, 'Stage Presence', '20', '2022-04-30 06:06:53', '2022-04-30 06:06:53', NULL),
(15, 3, 'Bearing', '15', '2022-04-30 06:06:53', '2022-04-30 06:06:53', NULL),
(16, 3, 'Over-All Impact', '10', '2022-04-30 06:06:53', '2022-04-30 06:06:53', NULL),
(17, 3, 'Audience Impact', '5', '2022-04-30 06:06:53', '2022-04-30 06:06:53', NULL),
(18, 4, 'Poise Bearing', '25', '2022-04-30 06:06:53', '2022-04-30 06:06:53', NULL),
(19, 4, 'Figure', '25', '2022-04-30 06:06:53', '2022-04-30 06:06:53', NULL),
(20, 4, 'Elegance', '25', '2022-04-30 06:06:53', '2022-04-30 06:06:53', NULL),
(21, 4, 'Deportment', '10', '2022-04-30 06:06:53', '2022-04-30 06:06:53', NULL),
(22, 4, 'Over-All Impact', '10', '2022-04-30 06:06:53', '2022-04-30 06:06:53', NULL),
(23, 4, 'Audience Impact', '5', '2022-04-30 06:06:53', '2022-04-30 06:06:53', NULL),
(24, 5, 'Witt & Intelligence', '60', '2022-04-30 06:06:53', '2022-04-30 06:06:53', NULL),
(25, 5, 'Beauty & Face', '40', '2022-04-30 06:06:53', '2022-04-30 06:06:53', NULL);

-- --------------------------------------------------------

--
-- Table structure for table `events`
--

CREATE TABLE `events` (
  `id` bigint(20) UNSIGNED NOT NULL,
  `programs_id` bigint(20) UNSIGNED NOT NULL,
  `event_name` varchar(255) COLLATE utf8mb4_unicode_ci NOT NULL,
  `percentage` double NOT NULL,
  `created_at` timestamp NULL DEFAULT NULL,
  `updated_at` timestamp NULL DEFAULT NULL,
  `deleted_at` timestamp NULL DEFAULT NULL
) ENGINE=InnoDB DEFAULT CHARSET=utf8mb4 COLLATE=utf8mb4_unicode_ci;

--
-- Dumping data for table `events`
--

INSERT INTO `events` (`id`, `programs_id`, `event_name`, `percentage`, `created_at`, `updated_at`, `deleted_at`) VALUES
(1, 1, 'Goddess', 0.25, '2022-04-30 06:06:53', '2022-04-30 06:06:53', NULL),
(2, 1, 'Swim Wear', 0.15, '2022-04-30 06:06:53', '2022-04-30 06:06:53', NULL),
(3, 1, 'Cocktail', 0.15, '2022-04-30 06:06:53', '2022-04-30 06:06:53', NULL),
(4, 1, 'Long Gown', 0.15, '2022-04-30 06:06:53', '2022-04-30 06:06:53', NULL),
(5, 1, 'Preliminary Q and A', 0.3, '2022-04-30 06:06:53', '2022-04-30 06:06:53', NULL);

-- --------------------------------------------------------

--
-- Table structure for table `failed_jobs`
--

CREATE TABLE `failed_jobs` (
  `id` bigint(20) UNSIGNED NOT NULL,
  `connection` text COLLATE utf8mb4_unicode_ci NOT NULL,
  `queue` text COLLATE utf8mb4_unicode_ci NOT NULL,
  `payload` longtext COLLATE utf8mb4_unicode_ci NOT NULL,
  `exception` longtext COLLATE utf8mb4_unicode_ci NOT NULL,
  `failed_at` timestamp NOT NULL DEFAULT current_timestamp()
) ENGINE=InnoDB DEFAULT CHARSET=utf8mb4 COLLATE=utf8mb4_unicode_ci;

-- --------------------------------------------------------

--
-- Table structure for table `judges`
--

CREATE TABLE `judges` (
  `id` bigint(20) UNSIGNED NOT NULL,
  `judges_name` varchar(255) COLLATE utf8mb4_unicode_ci NOT NULL,
  `created_at` timestamp NULL DEFAULT NULL,
  `updated_at` timestamp NULL DEFAULT NULL,
  `deleted_at` timestamp NULL DEFAULT NULL
) ENGINE=InnoDB DEFAULT CHARSET=utf8mb4 COLLATE=utf8mb4_unicode_ci;

-- --------------------------------------------------------

--
-- Table structure for table `migrations`
--

CREATE TABLE `migrations` (
  `id` int(10) UNSIGNED NOT NULL,
  `migration` varchar(255) COLLATE utf8mb4_unicode_ci NOT NULL,
  `batch` int(11) NOT NULL
) ENGINE=InnoDB DEFAULT CHARSET=utf8mb4 COLLATE=utf8mb4_unicode_ci;

--
-- Dumping data for table `migrations`
--

INSERT INTO `migrations` (`id`, `migration`, `batch`) VALUES
(1, '2014_10_12_000000_create_users_table', 1),
(2, '2014_10_12_100000_create_password_resets_table', 1),
(3, '2019_08_19_000000_create_failed_jobs_table', 1),
(4, '2019_12_10_092113_create_permission_tables', 1),
(5, '2022_04_26_170502_create_programs_table', 1),
(6, '2022_04_26_175018_create_events_table', 1),
(7, '2022_04_26_181631_create_criterias_table', 1),
(8, '2022_04_26_184442_create_judges_table', 1),
(9, '2022_04_27_001021_create_contestants_table', 1),
(10, '2022_04_27_021619_create_scores_table', 1),
(11, '2022_04_29_032907_create_semis_table', 1),
(12, '2022_04_29_033100_create_terminals_table', 1),
(13, '2022_04_29_041233_create_semi_scores_table', 1),
(14, '2022_04_29_042857_create_terminal_scores_table', 1);

-- --------------------------------------------------------

--
-- Table structure for table `model_has_permissions`
--

CREATE TABLE `model_has_permissions` (
  `permission_id` bigint(20) UNSIGNED NOT NULL,
  `model_type` varchar(255) COLLATE utf8mb4_unicode_ci NOT NULL,
  `model_id` bigint(20) UNSIGNED NOT NULL
) ENGINE=InnoDB DEFAULT CHARSET=utf8mb4 COLLATE=utf8mb4_unicode_ci;

-- --------------------------------------------------------

--
-- Table structure for table `model_has_roles`
--

CREATE TABLE `model_has_roles` (
  `role_id` bigint(20) UNSIGNED NOT NULL,
  `model_type` varchar(255) COLLATE utf8mb4_unicode_ci NOT NULL,
  `model_id` bigint(20) UNSIGNED NOT NULL
) ENGINE=InnoDB DEFAULT CHARSET=utf8mb4 COLLATE=utf8mb4_unicode_ci;

--
-- Dumping data for table `model_has_roles`
--

INSERT INTO `model_has_roles` (`role_id`, `model_type`, `model_id`) VALUES
(1, 'App\\Models\\User', 1),
(2, 'App\\Models\\User', 2),
(2, 'App\\Models\\User', 3),
(2, 'App\\Models\\User', 4);

-- --------------------------------------------------------

--
-- Table structure for table `password_resets`
--

CREATE TABLE `password_resets` (
  `email` varchar(255) COLLATE utf8mb4_unicode_ci NOT NULL,
  `token` varchar(255) COLLATE utf8mb4_unicode_ci NOT NULL,
  `created_at` timestamp NULL DEFAULT NULL
) ENGINE=InnoDB DEFAULT CHARSET=utf8mb4 COLLATE=utf8mb4_unicode_ci;

-- --------------------------------------------------------

--
-- Table structure for table `permissions`
--

CREATE TABLE `permissions` (
  `id` bigint(20) UNSIGNED NOT NULL,
  `name` varchar(255) COLLATE utf8mb4_unicode_ci NOT NULL,
  `guard_name` varchar(255) COLLATE utf8mb4_unicode_ci NOT NULL,
  `created_at` timestamp NULL DEFAULT NULL,
  `updated_at` timestamp NULL DEFAULT NULL
) ENGINE=InnoDB DEFAULT CHARSET=utf8mb4 COLLATE=utf8mb4_unicode_ci;

-- --------------------------------------------------------

--
-- Table structure for table `programs`
--

CREATE TABLE `programs` (
  `id` bigint(20) UNSIGNED NOT NULL,
  `name` varchar(255) COLLATE utf8mb4_unicode_ci NOT NULL,
  `date` varchar(255) COLLATE utf8mb4_unicode_ci NOT NULL,
  `created_at` timestamp NULL DEFAULT NULL,
  `updated_at` timestamp NULL DEFAULT NULL,
  `deleted_at` timestamp NULL DEFAULT NULL
) ENGINE=InnoDB DEFAULT CHARSET=utf8mb4 COLLATE=utf8mb4_unicode_ci;

--
-- Dumping data for table `programs`
--

INSERT INTO `programs` (`id`, `name`, `date`, `created_at`, `updated_at`, `deleted_at`) VALUES
(1, 'Brgy. Maria Cristina Beauty Pageant', '2022-4-30', '2022-04-30 06:06:53', '2022-04-30 06:06:53', NULL);

-- --------------------------------------------------------

--
-- Table structure for table `roles`
--

CREATE TABLE `roles` (
  `id` bigint(20) UNSIGNED NOT NULL,
  `name` varchar(255) COLLATE utf8mb4_unicode_ci NOT NULL,
  `guard_name` varchar(255) COLLATE utf8mb4_unicode_ci NOT NULL,
  `created_at` timestamp NULL DEFAULT NULL,
  `updated_at` timestamp NULL DEFAULT NULL
) ENGINE=InnoDB DEFAULT CHARSET=utf8mb4 COLLATE=utf8mb4_unicode_ci;

--
-- Dumping data for table `roles`
--

INSERT INTO `roles` (`id`, `name`, `guard_name`, `created_at`, `updated_at`) VALUES
(1, 'admin', 'web', '2022-04-30 06:06:53', '2022-04-30 06:06:53'),
(2, 'judge', 'web', '2022-04-30 06:06:53', '2022-04-30 06:06:53'),
(3, 'tabulator', 'web', '2022-04-30 06:06:53', '2022-04-30 06:06:53');

-- --------------------------------------------------------

--
-- Table structure for table `role_has_permissions`
--

CREATE TABLE `role_has_permissions` (
  `permission_id` bigint(20) UNSIGNED NOT NULL,
  `role_id` bigint(20) UNSIGNED NOT NULL
) ENGINE=InnoDB DEFAULT CHARSET=utf8mb4 COLLATE=utf8mb4_unicode_ci;

-- --------------------------------------------------------

--
-- Table structure for table `scores`
--

CREATE TABLE `scores` (
  `id` bigint(20) UNSIGNED NOT NULL,
  `user_id` bigint(20) UNSIGNED NOT NULL,
  `crit_id` bigint(20) UNSIGNED NOT NULL,
  `event_id` bigint(20) UNSIGNED NOT NULL,
  `contestant_id` bigint(20) UNSIGNED NOT NULL,
  `total` double NOT NULL,
  `overAllTotal` double DEFAULT NULL,
  `overAllTotalJudge` double DEFAULT NULL,
  `score` double NOT NULL,
  `created_at` timestamp NULL DEFAULT NULL,
  `updated_at` timestamp NULL DEFAULT NULL
) ENGINE=InnoDB DEFAULT CHARSET=utf8mb4 COLLATE=utf8mb4_unicode_ci;

--
-- Dumping data for table `scores`
--

INSERT INTO `scores` (`id`, `user_id`, `crit_id`, `event_id`, `contestant_id`, `total`, `overAllTotal`, `overAllTotalJudge`, `score`, `created_at`, `updated_at`) VALUES
(531, 2, 1, 1, 1, 17.5, 82.05, NULL, 23, NULL, '2022-04-29 11:05:03'),
(532, 2, 2, 1, 1, 17.5, 82.05, NULL, 16, NULL, '2022-04-29 11:05:03'),
(533, 2, 3, 1, 1, 17.5, 82.05, NULL, 13, NULL, '2022-04-29 11:05:03'),
(534, 2, 4, 1, 1, 17.5, 82.05, NULL, 16, NULL, '2022-04-29 11:05:03'),
(535, 2, 5, 1, 1, 17.5, 82.05, NULL, 2, NULL, '2022-04-29 11:05:03'),
(536, 2, 6, 2, 1, 11.1, 82.05, NULL, 22, NULL, '2022-04-29 11:05:03'),
(537, 2, 7, 2, 1, 11.1, 82.05, NULL, 17, NULL, '2022-04-29 11:05:03'),
(538, 2, 8, 2, 1, 11.1, 82.05, NULL, 16, NULL, '2022-04-29 11:05:03'),
(539, 2, 9, 2, 1, 11.1, 82.05, NULL, 10, NULL, '2022-04-29 11:05:03'),
(540, 2, 10, 2, 1, 11.1, 82.05, NULL, 8, NULL, '2022-04-29 11:05:03'),
(541, 2, 11, 2, 1, 11.1, 82.05, NULL, 1, NULL, '2022-04-29 11:05:03'),
(542, 2, 12, 3, 1, 12.45, 82.05, NULL, 21, NULL, '2022-04-29 11:05:03'),
(543, 2, 13, 3, 1, 12.45, 82.05, NULL, 20, NULL, '2022-04-29 11:05:03'),
(544, 2, 14, 3, 1, 12.45, 82.05, NULL, 16, NULL, '2022-04-29 11:05:03'),
(545, 2, 15, 3, 1, 12.45, 82.05, NULL, 14, NULL, '2022-04-29 11:05:03'),
(546, 2, 16, 3, 1, 12.45, 82.05, NULL, 10, NULL, '2022-04-29 11:05:03'),
(547, 2, 17, 3, 1, 12.45, 82.05, NULL, 2, NULL, '2022-04-29 11:05:03'),
(548, 2, 18, 4, 1, 10.95, 82.05, NULL, 18, NULL, '2022-04-29 11:05:03'),
(549, 2, 19, 4, 1, 10.95, 82.05, NULL, 24, NULL, '2022-04-29 11:05:03'),
(550, 2, 20, 4, 1, 10.95, 82.05, NULL, 15, NULL, '2022-04-29 11:05:03'),
(551, 2, 21, 4, 1, 10.95, 82.05, NULL, 10, NULL, '2022-04-29 11:05:03'),
(552, 2, 22, 4, 1, 10.95, 82.05, NULL, 5, NULL, '2022-04-29 11:05:03'),
(553, 2, 23, 4, 1, 10.95, 82.05, NULL, 1, NULL, '2022-04-29 11:05:03'),
(554, 2, 24, 5, 1, 24.3, 82.05, NULL, 43, NULL, '2022-04-29 11:05:03'),
(555, 2, 25, 5, 1, 24.3, 82.05, NULL, 38, NULL, '2022-04-29 11:05:03'),
(556, 2, 1, 1, 2, 18.25, 75.85, NULL, 23, NULL, '2022-04-29 11:08:19'),
(557, 2, 2, 1, 2, 18.25, 75.85, NULL, 20, NULL, '2022-04-29 11:08:19'),
(558, 2, 3, 1, 2, 18.25, 75.85, NULL, 11, NULL, '2022-04-29 11:08:19'),
(559, 2, 4, 1, 2, 18.25, 75.85, NULL, 16, NULL, '2022-04-29 11:08:19'),
(560, 2, 5, 1, 2, 18.25, 75.85, NULL, 3, NULL, '2022-04-29 11:08:19'),
(561, 2, 6, 2, 2, 11.25, 75.85, NULL, 27, NULL, '2022-04-29 11:08:19'),
(562, 2, 7, 2, 2, 11.25, 75.85, NULL, 15, NULL, '2022-04-29 11:08:19'),
(563, 2, 8, 2, 2, 11.25, 75.85, NULL, 11, NULL, '2022-04-29 11:08:19'),
(564, 2, 9, 2, 2, 11.25, 75.85, NULL, 12, NULL, '2022-04-29 11:08:19'),
(565, 2, 10, 2, 2, 11.25, 75.85, NULL, 5, NULL, '2022-04-29 11:08:19'),
(566, 2, 11, 2, 2, 11.25, 75.85, NULL, 5, NULL, '2022-04-29 11:08:19'),
(567, 2, 12, 3, 2, 11.1, 75.85, NULL, 22, NULL, '2022-04-29 11:08:19'),
(568, 2, 13, 3, 2, 11.1, 75.85, NULL, 16, NULL, '2022-04-29 11:08:19'),
(569, 2, 14, 3, 2, 11.1, 75.85, NULL, 16, NULL, '2022-04-29 11:08:19'),
(570, 2, 15, 3, 2, 11.1, 75.85, NULL, 13, NULL, '2022-04-29 11:08:19'),
(571, 2, 16, 3, 2, 11.1, 75.85, NULL, 3, NULL, '2022-04-29 11:08:19'),
(572, 2, 17, 3, 2, 11.1, 75.85, NULL, 4, NULL, '2022-04-29 11:08:19'),
(573, 2, 18, 4, 2, 12.3, 75.85, NULL, 20, NULL, '2022-04-29 11:08:19'),
(574, 2, 19, 4, 2, 12.3, 75.85, NULL, 23, NULL, '2022-04-29 11:08:19'),
(575, 2, 20, 4, 2, 12.3, 75.85, NULL, 25, NULL, '2022-04-29 11:08:19'),
(576, 2, 21, 4, 2, 12.3, 75.85, NULL, 4, NULL, '2022-04-29 11:08:19'),
(577, 2, 22, 4, 2, 12.3, 75.85, NULL, 9, NULL, '2022-04-29 11:08:19'),
(578, 2, 23, 4, 2, 12.3, 75.85, NULL, 1, NULL, '2022-04-29 11:08:19'),
(579, 2, 24, 5, 2, 23.7, 75.85, NULL, 40, NULL, '2022-04-29 11:08:19'),
(580, 2, 25, 5, 2, 23.7, 75.85, NULL, 39, NULL, '2022-04-29 11:08:19'),
(581, 2, 1, 1, 3, 17.25, 77.5, NULL, 21, NULL, '2022-04-29 11:10:49'),
(582, 2, 2, 1, 3, 17.25, 77.5, NULL, 22, NULL, '2022-04-29 11:10:49'),
(583, 2, 3, 1, 3, 17.25, 77.5, NULL, 10, NULL, '2022-04-29 11:10:49'),
(584, 2, 4, 1, 3, 17.25, 77.5, NULL, 15, NULL, '2022-04-29 11:10:49'),
(585, 2, 5, 1, 3, 17.25, 77.5, NULL, 1, NULL, '2022-04-29 11:10:49'),
(586, 2, 6, 2, 3, 11.1, 77.5, NULL, 25, NULL, '2022-04-29 11:10:49'),
(587, 2, 7, 2, 3, 11.1, 77.5, NULL, 16, NULL, '2022-04-29 11:10:49'),
(588, 2, 8, 2, 3, 11.1, 77.5, NULL, 10, NULL, '2022-04-29 11:10:49'),
(589, 2, 9, 2, 3, 11.1, 77.5, NULL, 15, NULL, '2022-04-29 11:10:49'),
(590, 2, 10, 2, 3, 11.1, 77.5, NULL, 6, NULL, '2022-04-29 11:10:49'),
(591, 2, 11, 2, 3, 11.1, 77.5, NULL, 2, NULL, '2022-04-29 11:10:49'),
(592, 2, 12, 3, 3, 11.85, 77.5, NULL, 24, NULL, '2022-04-29 11:10:49'),
(593, 2, 13, 3, 3, 11.85, 77.5, NULL, 23, NULL, '2022-04-29 11:10:49'),
(594, 2, 14, 3, 3, 11.85, 77.5, NULL, 10, NULL, '2022-04-29 11:10:49'),
(595, 2, 15, 3, 3, 11.85, 77.5, NULL, 11, NULL, '2022-04-29 11:10:49'),
(596, 2, 16, 3, 3, 11.85, 77.5, NULL, 8, NULL, '2022-04-29 11:10:49'),
(597, 2, 17, 3, 3, 11.85, 77.5, NULL, 3, NULL, '2022-04-29 11:10:49'),
(598, 2, 18, 4, 3, 10.65, 77.5, NULL, 25, NULL, '2022-04-29 11:10:49'),
(599, 2, 19, 4, 3, 10.65, 77.5, NULL, 25, NULL, '2022-04-29 11:10:49'),
(600, 2, 20, 4, 3, 10.65, 77.5, NULL, 13, NULL, '2022-04-29 11:10:49'),
(601, 2, 21, 4, 3, 10.65, 77.5, NULL, 3, NULL, '2022-04-29 11:10:49'),
(602, 2, 22, 4, 3, 10.65, 77.5, NULL, 1, NULL, '2022-04-29 11:10:49'),
(603, 2, 23, 4, 3, 10.65, 77.5, NULL, 4, NULL, '2022-04-29 11:10:49'),
(604, 2, 24, 5, 3, 25.5, 77.5, NULL, 59, NULL, '2022-04-29 11:10:49'),
(605, 2, 25, 5, 3, 25.5, 77.5, NULL, 26, NULL, '2022-04-29 11:10:49'),
(606, 2, 1, 1, 4, 17.5, 75.3, NULL, 26, NULL, '2022-04-29 11:13:34'),
(607, 2, 2, 1, 4, 17.5, 75.3, NULL, 15, NULL, '2022-04-29 11:13:34'),
(608, 2, 3, 1, 4, 17.5, 75.3, NULL, 14, NULL, '2022-04-29 11:13:34'),
(609, 2, 4, 1, 4, 17.5, 75.3, NULL, 13, NULL, '2022-04-29 11:13:34'),
(610, 2, 5, 1, 4, 17.5, 75.3, NULL, 2, NULL, '2022-04-29 11:13:34'),
(611, 2, 6, 2, 4, 12.15, 75.3, NULL, 27, NULL, '2022-04-29 11:13:34'),
(612, 2, 7, 2, 4, 12.15, 75.3, NULL, 18, NULL, '2022-04-29 11:13:34'),
(613, 2, 8, 2, 4, 12.15, 75.3, NULL, 14, NULL, '2022-04-29 11:13:34'),
(614, 2, 9, 2, 4, 12.15, 75.3, NULL, 12, NULL, '2022-04-29 11:13:34'),
(615, 2, 10, 2, 4, 12.15, 75.3, NULL, 5, NULL, '2022-04-29 11:13:34'),
(616, 2, 11, 2, 4, 12.15, 75.3, NULL, 5, NULL, '2022-04-29 11:13:34'),
(617, 2, 12, 3, 4, 11.55, 75.3, NULL, 20, NULL, '2022-04-29 11:13:34'),
(618, 2, 13, 3, 4, 11.55, 75.3, NULL, 18, NULL, '2022-04-29 11:13:34'),
(619, 2, 14, 3, 4, 11.55, 75.3, NULL, 12, NULL, '2022-04-29 11:13:34'),
(620, 2, 15, 3, 4, 11.55, 75.3, NULL, 14, NULL, '2022-04-29 11:13:34'),
(621, 2, 16, 3, 4, 11.55, 75.3, NULL, 9, NULL, '2022-04-29 11:13:34'),
(622, 2, 17, 3, 4, 11.55, 75.3, NULL, 4, NULL, '2022-04-29 11:13:34'),
(623, 2, 18, 4, 4, 11.1, 75.3, NULL, 20, NULL, '2022-04-29 11:13:34'),
(624, 2, 19, 4, 4, 11.1, 75.3, NULL, 22, NULL, '2022-04-29 11:13:34'),
(625, 2, 20, 4, 4, 11.1, 75.3, NULL, 21, NULL, '2022-04-29 11:13:34'),
(626, 2, 21, 4, 4, 11.1, 75.3, NULL, 3, NULL, '2022-04-29 11:13:34'),
(627, 2, 22, 4, 4, 11.1, 75.3, NULL, 5, NULL, '2022-04-29 11:13:34'),
(628, 2, 23, 4, 4, 11.1, 75.3, NULL, 3, NULL, '2022-04-29 11:13:34'),
(629, 2, 24, 5, 4, 27, 75.3, NULL, 50, NULL, '2022-04-29 11:13:34'),
(630, 2, 25, 5, 4, 27, 75.3, NULL, 40, NULL, '2022-04-29 11:13:34'),
(631, 2, 1, 1, 5, 20.75, 74.4, NULL, 29, NULL, '2022-04-29 11:17:29'),
(632, 2, 2, 1, 5, 20.75, 74.4, NULL, 23, NULL, '2022-04-29 11:17:29'),
(633, 2, 3, 1, 5, 20.75, 74.4, NULL, 16, NULL, '2022-04-29 11:17:29'),
(634, 2, 4, 1, 5, 20.75, 74.4, NULL, 13, NULL, '2022-04-29 11:17:29'),
(635, 2, 5, 1, 5, 20.75, 74.4, NULL, 2, NULL, '2022-04-29 11:17:29'),
(636, 2, 6, 2, 5, 13.65, 74.4, NULL, 30, NULL, '2022-04-29 11:17:29'),
(637, 2, 7, 2, 5, 13.65, 74.4, NULL, 16, NULL, '2022-04-29 11:17:29'),
(638, 2, 8, 2, 5, 13.65, 74.4, NULL, 16, NULL, '2022-04-29 11:17:29'),
(639, 2, 9, 2, 5, 13.65, 74.4, NULL, 15, NULL, '2022-04-29 11:17:29'),
(640, 2, 10, 2, 5, 13.65, 74.4, NULL, 9, NULL, '2022-04-29 11:17:29'),
(641, 2, 11, 2, 5, 13.65, 74.4, NULL, 5, NULL, '2022-04-29 11:17:29'),
(642, 2, 12, 3, 5, 12.9, 74.4, NULL, 25, NULL, '2022-04-29 11:17:29'),
(643, 2, 13, 3, 5, 12.9, 74.4, NULL, 20, NULL, '2022-04-29 11:17:29'),
(644, 2, 14, 3, 5, 12.9, 74.4, NULL, 15, NULL, '2022-04-29 11:17:29'),
(645, 2, 15, 3, 5, 12.9, 74.4, NULL, 13, NULL, '2022-04-29 11:17:29'),
(646, 2, 16, 3, 5, 12.9, 74.4, NULL, 9, NULL, '2022-04-29 11:17:29'),
(647, 2, 17, 3, 5, 12.9, 74.4, NULL, 4, NULL, '2022-04-29 11:17:29'),
(648, 2, 18, 4, 5, 11.4, 74.4, NULL, 21, NULL, '2022-04-29 11:17:29'),
(649, 2, 19, 4, 5, 11.4, 74.4, NULL, 23, NULL, '2022-04-29 11:17:29'),
(650, 2, 20, 4, 5, 11.4, 74.4, NULL, 18, NULL, '2022-04-29 11:17:29'),
(651, 2, 21, 4, 5, 11.4, 74.4, NULL, 3, NULL, '2022-04-29 11:17:29'),
(652, 2, 22, 4, 5, 11.4, 74.4, NULL, 7, NULL, '2022-04-29 11:17:29'),
(653, 2, 23, 4, 5, 11.4, 74.4, NULL, 4, NULL, '2022-04-29 11:17:29'),
(654, 2, 24, 5, 5, 24.6, 74.4, NULL, 48, NULL, '2022-04-29 11:17:29'),
(655, 2, 25, 5, 5, 24.6, 74.4, NULL, 34, NULL, '2022-04-29 11:17:29'),
(656, 2, 1, 1, 6, 21.25, 79.05, NULL, 27, NULL, '2022-04-29 11:20:38'),
(657, 2, 2, 1, 6, 21.25, 79.05, NULL, 25, NULL, '2022-04-29 11:20:38'),
(658, 2, 3, 1, 6, 21.25, 79.05, NULL, 16, NULL, '2022-04-29 11:20:38'),
(659, 2, 4, 1, 6, 21.25, 79.05, NULL, 14, NULL, '2022-04-29 11:20:38'),
(660, 2, 5, 1, 6, 21.25, 79.05, NULL, 3, NULL, '2022-04-29 11:20:38'),
(661, 2, 6, 2, 6, 12.6, 79.05, NULL, 23, NULL, '2022-04-29 11:20:38'),
(662, 2, 7, 2, 6, 12.6, 79.05, NULL, 18, NULL, '2022-04-29 11:20:38'),
(663, 2, 8, 2, 6, 12.6, 79.05, NULL, 19, NULL, '2022-04-29 11:20:38'),
(664, 2, 9, 2, 6, 12.6, 79.05, NULL, 12, NULL, '2022-04-29 11:20:38'),
(665, 2, 10, 2, 6, 12.6, 79.05, NULL, 10, NULL, '2022-04-29 11:20:38'),
(666, 2, 11, 2, 6, 12.6, 79.05, NULL, 2, NULL, '2022-04-29 11:20:38'),
(667, 2, 12, 3, 6, 10.8, 79.05, NULL, 17, NULL, '2022-04-29 11:20:38'),
(668, 2, 13, 3, 6, 10.8, 79.05, NULL, 18, NULL, '2022-04-29 11:20:38'),
(669, 2, 14, 3, 6, 10.8, 79.05, NULL, 18, NULL, '2022-04-29 11:20:38'),
(670, 2, 15, 3, 6, 10.8, 79.05, NULL, 11, NULL, '2022-04-29 11:20:38'),
(671, 2, 16, 3, 6, 10.8, 79.05, NULL, 3, NULL, '2022-04-29 11:20:38'),
(672, 2, 17, 3, 6, 10.8, 79.05, NULL, 5, NULL, '2022-04-29 11:20:38'),
(673, 2, 18, 4, 6, 11.4, 79.05, NULL, 21, NULL, '2022-04-29 11:20:38'),
(674, 2, 19, 4, 6, 11.4, 79.05, NULL, 20, NULL, '2022-04-29 11:20:38'),
(675, 2, 20, 4, 6, 11.4, 79.05, NULL, 16, NULL, '2022-04-29 11:20:38'),
(676, 2, 21, 4, 6, 11.4, 79.05, NULL, 8, NULL, '2022-04-29 11:20:38'),
(677, 2, 22, 4, 6, 11.4, 79.05, NULL, 6, NULL, '2022-04-29 11:20:38'),
(678, 2, 23, 4, 6, 11.4, 79.05, NULL, 5, NULL, '2022-04-29 11:20:38'),
(679, 2, 24, 5, 6, 24.6, 79.05, NULL, 53, NULL, '2022-04-29 11:20:38'),
(680, 2, 25, 5, 6, 24.6, 79.05, NULL, 29, NULL, '2022-04-29 11:20:38'),
(681, 2, 1, 1, 7, 20.5, 83.85, NULL, 29, NULL, '2022-04-29 11:25:28'),
(682, 2, 2, 1, 7, 20.5, 83.85, NULL, 18, NULL, '2022-04-29 11:25:28'),
(683, 2, 3, 1, 7, 20.5, 83.85, NULL, 10, NULL, '2022-04-29 11:25:28'),
(684, 2, 4, 1, 7, 20.5, 83.85, NULL, 20, NULL, '2022-04-29 11:25:28'),
(685, 2, 5, 1, 7, 20.5, 83.85, NULL, 5, NULL, '2022-04-29 11:25:28'),
(686, 2, 6, 2, 7, 12.75, 83.85, NULL, 26, NULL, '2022-04-29 11:25:28'),
(687, 2, 7, 2, 7, 12.75, 83.85, NULL, 20, NULL, '2022-04-29 11:25:28'),
(688, 2, 8, 2, 7, 12.75, 83.85, NULL, 10, NULL, '2022-04-29 11:25:28'),
(689, 2, 9, 2, 7, 12.75, 83.85, NULL, 15, NULL, '2022-04-29 11:25:28'),
(690, 2, 10, 2, 7, 12.75, 83.85, NULL, 10, NULL, '2022-04-29 11:25:28'),
(691, 2, 11, 2, 7, 12.75, 83.85, NULL, 4, NULL, '2022-04-29 11:25:28'),
(692, 2, 12, 3, 7, 10.8, 83.85, NULL, 16, NULL, '2022-04-29 11:25:28'),
(693, 2, 13, 3, 7, 10.8, 83.85, NULL, 25, NULL, '2022-04-29 11:25:28'),
(694, 2, 14, 3, 7, 10.8, 83.85, NULL, 13, NULL, '2022-04-29 11:25:28'),
(695, 2, 15, 3, 7, 10.8, 83.85, NULL, 12, NULL, '2022-04-29 11:25:28'),
(696, 2, 16, 3, 7, 10.8, 83.85, NULL, 5, NULL, '2022-04-29 11:25:28'),
(697, 2, 17, 3, 7, 10.8, 83.85, NULL, 1, NULL, '2022-04-29 11:25:28'),
(698, 2, 18, 4, 7, 12, 83.85, NULL, 24, NULL, '2022-04-29 11:25:28'),
(699, 2, 19, 4, 7, 12, 83.85, NULL, 17, NULL, '2022-04-29 11:25:28'),
(700, 2, 20, 4, 7, 12, 83.85, NULL, 20, NULL, '2022-04-29 11:25:28'),
(701, 2, 21, 4, 7, 12, 83.85, NULL, 10, NULL, '2022-04-29 11:25:28'),
(702, 2, 22, 4, 7, 12, 83.85, NULL, 4, NULL, '2022-04-29 11:25:28'),
(703, 2, 23, 4, 7, 12, 83.85, NULL, 5, NULL, '2022-04-29 11:25:28'),
(704, 2, 24, 5, 7, 23.7, 83.85, NULL, 45, NULL, '2022-04-29 11:25:28'),
(705, 2, 25, 5, 7, 23.7, 83.85, NULL, 34, NULL, '2022-04-29 11:25:28'),
(706, 3, 1, 1, 1, 18.75, 82.05, NULL, 22, NULL, '2022-04-29 11:05:03'),
(707, 3, 2, 1, 1, 18.75, 82.05, NULL, 18, NULL, '2022-04-29 11:05:03'),
(708, 3, 3, 1, 1, 18.75, 82.05, NULL, 19, NULL, '2022-04-29 11:05:03'),
(709, 3, 4, 1, 1, 18.75, 82.05, NULL, 14, NULL, '2022-04-29 11:05:03'),
(710, 3, 5, 1, 1, 18.75, 82.05, NULL, 2, NULL, '2022-04-29 11:05:03'),
(711, 3, 6, 2, 1, 12.3, 82.05, NULL, 24, NULL, '2022-04-29 11:05:03'),
(712, 3, 7, 2, 1, 12.3, 82.05, NULL, 19, NULL, '2022-04-29 11:05:03'),
(713, 3, 8, 2, 1, 12.3, 82.05, NULL, 14, NULL, '2022-04-29 11:05:03'),
(714, 3, 9, 2, 1, 12.3, 82.05, NULL, 13, NULL, '2022-04-29 11:05:03'),
(715, 3, 10, 2, 1, 12.3, 82.05, NULL, 8, NULL, '2022-04-29 11:05:03'),
(716, 3, 11, 2, 1, 12.3, 82.05, NULL, 4, NULL, '2022-04-29 11:05:03'),
(717, 3, 12, 3, 1, 12.9, 82.05, NULL, 25, NULL, '2022-04-29 11:05:03'),
(718, 3, 13, 3, 1, 12.9, 82.05, NULL, 22, NULL, '2022-04-29 11:05:03'),
(719, 3, 14, 3, 1, 12.9, 82.05, NULL, 16, NULL, '2022-04-29 11:05:03'),
(720, 3, 15, 3, 1, 12.9, 82.05, NULL, 10, NULL, '2022-04-29 11:05:03'),
(721, 3, 16, 3, 1, 12.9, 82.05, NULL, 8, NULL, '2022-04-29 11:05:03'),
(722, 3, 17, 3, 1, 12.9, 82.05, NULL, 5, NULL, '2022-04-29 11:05:03'),
(723, 3, 18, 4, 1, 10.05, 82.05, NULL, 15, NULL, '2022-04-29 11:05:03'),
(724, 3, 19, 4, 1, 10.05, 82.05, NULL, 15, NULL, '2022-04-29 11:05:03'),
(725, 3, 20, 4, 1, 10.05, 82.05, NULL, 21, NULL, '2022-04-29 11:05:03'),
(726, 3, 21, 4, 1, 10.05, 82.05, NULL, 8, NULL, '2022-04-29 11:05:03'),
(727, 3, 22, 4, 1, 10.05, 82.05, NULL, 5, NULL, '2022-04-29 11:05:03'),
(728, 3, 23, 4, 1, 10.05, 82.05, NULL, 3, NULL, '2022-04-29 11:05:03'),
(729, 3, 24, 5, 1, 26.7, 82.05, NULL, 58, NULL, '2022-04-29 11:05:03'),
(730, 3, 25, 5, 1, 26.7, 82.05, NULL, 31, NULL, '2022-04-29 11:05:03'),
(731, 3, 1, 1, 2, 19, 75.85, NULL, 28, NULL, '2022-04-29 11:08:19'),
(732, 3, 2, 1, 2, 19, 75.85, NULL, 22, NULL, '2022-04-29 11:08:19'),
(733, 3, 3, 1, 2, 19, 75.85, NULL, 12, NULL, '2022-04-29 11:08:19'),
(734, 3, 4, 1, 2, 19, 75.85, NULL, 10, NULL, '2022-04-29 11:08:19'),
(735, 3, 5, 1, 2, 19, 75.85, NULL, 4, NULL, '2022-04-29 11:08:19'),
(736, 3, 6, 2, 2, 11.4, 75.85, NULL, 24, NULL, '2022-04-29 11:08:19'),
(737, 3, 7, 2, 2, 11.4, 75.85, NULL, 16, NULL, '2022-04-29 11:08:19'),
(738, 3, 8, 2, 2, 11.4, 75.85, NULL, 19, NULL, '2022-04-29 11:08:19'),
(739, 3, 9, 2, 2, 11.4, 75.85, NULL, 14, NULL, '2022-04-29 11:08:19'),
(740, 3, 10, 2, 2, 11.4, 75.85, NULL, 1, NULL, '2022-04-29 11:08:19'),
(741, 3, 11, 2, 2, 11.4, 75.85, NULL, 2, NULL, '2022-04-29 11:08:19'),
(742, 3, 12, 3, 2, 11.1, 75.85, NULL, 18, NULL, '2022-04-29 11:08:19'),
(743, 3, 13, 3, 2, 11.1, 75.85, NULL, 18, NULL, '2022-04-29 11:08:19'),
(744, 3, 14, 3, 2, 11.1, 75.85, NULL, 10, NULL, '2022-04-29 11:08:19'),
(745, 3, 15, 3, 2, 11.1, 75.85, NULL, 15, NULL, '2022-04-29 11:08:19'),
(746, 3, 16, 3, 2, 11.1, 75.85, NULL, 10, NULL, '2022-04-29 11:08:19'),
(747, 3, 17, 3, 2, 11.1, 75.85, NULL, 3, NULL, '2022-04-29 11:08:19'),
(748, 3, 18, 4, 2, 9.9, 75.85, NULL, 15, NULL, '2022-04-29 11:08:19'),
(749, 3, 19, 4, 2, 9.9, 75.85, NULL, 15, NULL, '2022-04-29 11:08:19'),
(750, 3, 20, 4, 2, 9.9, 75.85, NULL, 22, NULL, '2022-04-29 11:08:19'),
(751, 3, 21, 4, 2, 9.9, 75.85, NULL, 7, NULL, '2022-04-29 11:08:19'),
(752, 3, 22, 4, 2, 9.9, 75.85, NULL, 4, NULL, '2022-04-29 11:08:19'),
(753, 3, 23, 4, 2, 9.9, 75.85, NULL, 3, NULL, '2022-04-29 11:08:19'),
(754, 3, 24, 5, 2, 22.8, 75.85, NULL, 43, NULL, '2022-04-29 11:08:19'),
(755, 3, 25, 5, 2, 22.8, 75.85, NULL, 33, NULL, '2022-04-29 11:08:19'),
(756, 3, 1, 1, 3, 18.75, 77.5, NULL, 20, NULL, '2022-04-29 11:10:49'),
(757, 3, 2, 1, 3, 18.75, 77.5, NULL, 23, NULL, '2022-04-29 11:10:49'),
(758, 3, 3, 1, 3, 18.75, 77.5, NULL, 12, NULL, '2022-04-29 11:10:49'),
(759, 3, 4, 1, 3, 18.75, 77.5, NULL, 17, NULL, '2022-04-29 11:10:49'),
(760, 3, 5, 1, 3, 18.75, 77.5, NULL, 3, NULL, '2022-04-29 11:10:49'),
(761, 3, 6, 2, 3, 11.7, 77.5, NULL, 28, NULL, '2022-04-29 11:10:49'),
(762, 3, 7, 2, 3, 11.7, 77.5, NULL, 18, NULL, '2022-04-29 11:10:49'),
(763, 3, 8, 2, 3, 11.7, 77.5, NULL, 11, NULL, '2022-04-29 11:10:49'),
(764, 3, 9, 2, 3, 11.7, 77.5, NULL, 15, NULL, '2022-04-29 11:10:49'),
(765, 3, 10, 2, 3, 11.7, 77.5, NULL, 3, NULL, '2022-04-29 11:10:49'),
(766, 3, 11, 2, 3, 11.7, 77.5, NULL, 3, NULL, '2022-04-29 11:10:49'),
(767, 3, 12, 3, 3, 12.45, 77.5, NULL, 25, NULL, '2022-04-29 11:10:49'),
(768, 3, 13, 3, 3, 12.45, 77.5, NULL, 24, NULL, '2022-04-29 11:10:49'),
(769, 3, 14, 3, 3, 12.45, 77.5, NULL, 10, NULL, '2022-04-29 11:10:49'),
(770, 3, 15, 3, 3, 12.45, 77.5, NULL, 14, NULL, '2022-04-29 11:10:49'),
(771, 3, 16, 3, 3, 12.45, 77.5, NULL, 9, NULL, '2022-04-29 11:10:49'),
(772, 3, 17, 3, 3, 12.45, 77.5, NULL, 1, NULL, '2022-04-29 11:10:49'),
(773, 3, 18, 4, 3, 11.25, 77.5, NULL, 25, NULL, '2022-04-29 11:10:49'),
(774, 3, 19, 4, 3, 11.25, 77.5, NULL, 18, NULL, '2022-04-29 11:10:49'),
(775, 3, 20, 4, 3, 11.25, 77.5, NULL, 16, NULL, '2022-04-29 11:10:49'),
(776, 3, 21, 4, 3, 11.25, 77.5, NULL, 8, NULL, '2022-04-29 11:10:49'),
(777, 3, 22, 4, 3, 11.25, 77.5, NULL, 5, NULL, '2022-04-29 11:10:49'),
(778, 3, 23, 4, 3, 11.25, 77.5, NULL, 3, NULL, '2022-04-29 11:10:49'),
(779, 3, 24, 5, 3, 28.2, 77.5, NULL, 54, NULL, '2022-04-29 11:10:49'),
(780, 3, 25, 5, 3, 28.2, 77.5, NULL, 40, NULL, '2022-04-29 11:10:49'),
(786, 3, 1, 1, 4, 17.25, 75.3, NULL, 25, NULL, '2022-04-29 11:13:34'),
(787, 3, 2, 1, 4, 17.25, 75.3, NULL, 16, NULL, '2022-04-29 11:13:34'),
(788, 3, 3, 1, 4, 17.25, 75.3, NULL, 14, NULL, '2022-04-29 11:13:34'),
(789, 3, 4, 1, 4, 17.25, 75.3, NULL, 13, NULL, '2022-04-29 11:13:34'),
(790, 3, 5, 1, 4, 17.25, 75.3, NULL, 1, NULL, '2022-04-29 11:13:34'),
(791, 3, 6, 2, 4, 12.75, 75.3, NULL, 25, NULL, '2022-04-29 11:13:34'),
(792, 3, 7, 2, 4, 12.75, 75.3, NULL, 18, NULL, '2022-04-29 11:13:34'),
(793, 3, 8, 2, 4, 12.75, 75.3, NULL, 14, NULL, '2022-04-29 11:13:34'),
(794, 3, 9, 2, 4, 12.75, 75.3, NULL, 13, NULL, '2022-04-29 11:13:34'),
(795, 3, 10, 2, 4, 12.75, 75.3, NULL, 10, NULL, '2022-04-29 11:13:34'),
(796, 3, 11, 2, 4, 12.75, 75.3, NULL, 5, NULL, '2022-04-29 11:13:34'),
(797, 3, 12, 3, 4, 11.85, 75.3, NULL, 15, NULL, '2022-04-29 11:13:34'),
(798, 3, 13, 3, 4, 11.85, 75.3, NULL, 22, NULL, '2022-04-29 11:13:34'),
(799, 3, 14, 3, 4, 11.85, 75.3, NULL, 14, NULL, '2022-04-29 11:13:34'),
(800, 3, 15, 3, 4, 11.85, 75.3, NULL, 15, NULL, '2022-04-29 11:13:34'),
(801, 3, 16, 3, 4, 11.85, 75.3, NULL, 10, NULL, '2022-04-29 11:13:34'),
(802, 3, 17, 3, 4, 11.85, 75.3, NULL, 3, NULL, '2022-04-29 11:13:34'),
(803, 3, 18, 4, 4, 11.25, 75.3, NULL, 15, NULL, '2022-04-29 11:13:34'),
(804, 3, 19, 4, 4, 11.25, 75.3, NULL, 19, NULL, '2022-04-29 11:13:34'),
(805, 3, 20, 4, 4, 11.25, 75.3, NULL, 23, NULL, '2022-04-29 11:13:34'),
(806, 3, 21, 4, 4, 11.25, 75.3, NULL, 5, NULL, '2022-04-29 11:13:34'),
(807, 3, 22, 4, 4, 11.25, 75.3, NULL, 9, NULL, '2022-04-29 11:13:34'),
(808, 3, 23, 4, 4, 11.25, 75.3, NULL, 4, NULL, '2022-04-29 11:13:34'),
(809, 3, 24, 5, 4, 25.5, 75.3, NULL, 52, NULL, '2022-04-29 11:13:34'),
(810, 3, 25, 5, 4, 25.5, 75.3, NULL, 33, NULL, '2022-04-29 11:13:34'),
(811, 3, 1, 1, 5, 17.5, 74.4, NULL, 25, NULL, '2022-04-29 11:17:29'),
(812, 3, 2, 1, 5, 17.5, 74.4, NULL, 21, NULL, '2022-04-29 11:17:29'),
(813, 3, 3, 1, 5, 17.5, 74.4, NULL, 11, NULL, '2022-04-29 11:17:29'),
(814, 3, 4, 1, 5, 17.5, 74.4, NULL, 11, NULL, '2022-04-29 11:17:29'),
(815, 3, 5, 1, 5, 17.5, 74.4, NULL, 2, NULL, '2022-04-29 11:17:29'),
(816, 3, 6, 2, 5, 12, 74.4, NULL, 21, NULL, '2022-04-29 11:17:29'),
(817, 3, 7, 2, 5, 12, 74.4, NULL, 18, NULL, '2022-04-29 11:17:29'),
(818, 3, 8, 2, 5, 12, 74.4, NULL, 20, NULL, '2022-04-29 11:17:29'),
(819, 3, 9, 2, 5, 12, 74.4, NULL, 10, NULL, '2022-04-29 11:17:29'),
(820, 3, 10, 2, 5, 12, 74.4, NULL, 6, NULL, '2022-04-29 11:17:29'),
(821, 3, 11, 2, 5, 12, 74.4, NULL, 5, NULL, '2022-04-29 11:17:29'),
(822, 3, 12, 3, 5, 10.8, 74.4, NULL, 22, NULL, '2022-04-29 11:17:29'),
(823, 3, 13, 3, 5, 10.8, 74.4, NULL, 18, NULL, '2022-04-29 11:17:29'),
(824, 3, 14, 3, 5, 10.8, 74.4, NULL, 10, NULL, '2022-04-29 11:17:29'),
(825, 3, 15, 3, 5, 10.8, 74.4, NULL, 11, NULL, '2022-04-29 11:17:29'),
(826, 3, 16, 3, 5, 10.8, 74.4, NULL, 8, NULL, '2022-04-29 11:17:29'),
(827, 3, 17, 3, 5, 10.8, 74.4, NULL, 3, NULL, '2022-04-29 11:17:29'),
(828, 3, 18, 4, 5, 10.5, 74.4, NULL, 20, NULL, '2022-04-29 11:17:29'),
(829, 3, 19, 4, 5, 10.5, 74.4, NULL, 17, NULL, '2022-04-29 11:17:29'),
(830, 3, 20, 4, 5, 10.5, 74.4, NULL, 14, NULL, '2022-04-29 11:17:29'),
(831, 3, 21, 4, 5, 10.5, 74.4, NULL, 7, NULL, '2022-04-29 11:17:29'),
(832, 3, 22, 4, 5, 10.5, 74.4, NULL, 7, NULL, '2022-04-29 11:17:29'),
(833, 3, 23, 4, 5, 10.5, 74.4, NULL, 5, NULL, '2022-04-29 11:17:29'),
(834, 3, 24, 5, 5, 27.9, 74.4, NULL, 58, NULL, '2022-04-29 11:17:29'),
(835, 3, 25, 5, 5, 27.9, 74.4, NULL, 35, NULL, '2022-04-29 11:17:29'),
(836, 3, 1, 1, 6, 21, 79.05, NULL, 29, NULL, '2022-04-29 11:20:38'),
(837, 3, 2, 1, 6, 21, 79.05, NULL, 25, NULL, '2022-04-29 11:20:38'),
(838, 3, 3, 1, 6, 21, 79.05, NULL, 15, NULL, '2022-04-29 11:20:38'),
(839, 3, 4, 1, 6, 21, 79.05, NULL, 13, NULL, '2022-04-29 11:20:38'),
(840, 3, 5, 1, 6, 21, 79.05, NULL, 2, NULL, '2022-04-29 11:20:38'),
(841, 3, 6, 2, 6, 11.55, 79.05, NULL, 20, NULL, '2022-04-29 11:20:38'),
(842, 3, 7, 2, 6, 11.55, 79.05, NULL, 19, NULL, '2022-04-29 11:20:38'),
(843, 3, 8, 2, 6, 11.55, 79.05, NULL, 16, NULL, '2022-04-29 11:20:38'),
(844, 3, 9, 2, 6, 11.55, 79.05, NULL, 10, NULL, '2022-04-29 11:20:38'),
(845, 3, 10, 2, 6, 11.55, 79.05, NULL, 9, NULL, '2022-04-29 11:20:38'),
(846, 3, 11, 2, 6, 11.55, 79.05, NULL, 3, NULL, '2022-04-29 11:20:38'),
(847, 3, 12, 3, 6, 11.1, 79.05, NULL, 21, NULL, '2022-04-29 11:20:38'),
(848, 3, 13, 3, 6, 11.1, 79.05, NULL, 15, NULL, '2022-04-29 11:20:38'),
(849, 3, 14, 3, 6, 11.1, 79.05, NULL, 18, NULL, '2022-04-29 11:20:38'),
(850, 3, 15, 3, 6, 11.1, 79.05, NULL, 15, NULL, '2022-04-29 11:20:38'),
(851, 3, 16, 3, 6, 11.1, 79.05, NULL, 2, NULL, '2022-04-29 11:20:38'),
(852, 3, 17, 3, 6, 11.1, 79.05, NULL, 3, NULL, '2022-04-29 11:20:38'),
(853, 3, 18, 4, 6, 10.65, 79.05, NULL, 24, NULL, '2022-04-29 11:20:38'),
(854, 3, 19, 4, 6, 10.65, 79.05, NULL, 23, NULL, '2022-04-29 11:20:38'),
(855, 3, 20, 4, 6, 10.65, 79.05, NULL, 15, NULL, '2022-04-29 11:20:38'),
(856, 3, 21, 4, 6, 10.65, 79.05, NULL, 1, NULL, '2022-04-29 11:20:38'),
(857, 3, 22, 4, 6, 10.65, 79.05, NULL, 6, NULL, '2022-04-29 11:20:38'),
(858, 3, 23, 4, 6, 10.65, 79.05, NULL, 2, NULL, '2022-04-29 11:20:38'),
(859, 3, 24, 5, 6, 25.2, 79.05, NULL, 47, NULL, '2022-04-29 11:20:38'),
(860, 3, 25, 5, 6, 25.2, 79.05, NULL, 37, NULL, '2022-04-29 11:20:38'),
(861, 3, 1, 1, 7, 22.25, 83.85, NULL, 30, NULL, '2022-04-29 11:25:28'),
(862, 3, 2, 1, 7, 22.25, 83.85, NULL, 24, NULL, '2022-04-29 11:25:28'),
(863, 3, 3, 1, 7, 22.25, 83.85, NULL, 17, NULL, '2022-04-29 11:25:28'),
(864, 3, 4, 1, 7, 22.25, 83.85, NULL, 13, NULL, '2022-04-29 11:25:28'),
(865, 3, 5, 1, 7, 22.25, 83.85, NULL, 5, NULL, '2022-04-29 11:25:28'),
(866, 3, 6, 2, 7, 12.3, 83.85, NULL, 27, NULL, '2022-04-29 11:25:28'),
(867, 3, 7, 2, 7, 12.3, 83.85, NULL, 19, NULL, '2022-04-29 11:25:28'),
(868, 3, 8, 2, 7, 12.3, 83.85, NULL, 19, NULL, '2022-04-29 11:25:28'),
(869, 3, 9, 2, 7, 12.3, 83.85, NULL, 12, NULL, '2022-04-29 11:25:28'),
(870, 3, 10, 2, 7, 12.3, 83.85, NULL, 1, NULL, '2022-04-29 11:25:28'),
(871, 3, 11, 2, 7, 12.3, 83.85, NULL, 4, NULL, '2022-04-29 11:25:28'),
(872, 3, 12, 3, 7, 9.9, 83.85, NULL, 15, NULL, '2022-04-29 11:25:28'),
(873, 3, 13, 3, 7, 9.9, 83.85, NULL, 18, NULL, '2022-04-29 11:25:28'),
(874, 3, 14, 3, 7, 9.9, 83.85, NULL, 18, NULL, '2022-04-29 11:25:28'),
(875, 3, 15, 3, 7, 9.9, 83.85, NULL, 10, NULL, '2022-04-29 11:25:28'),
(876, 3, 16, 3, 7, 9.9, 83.85, NULL, 3, NULL, '2022-04-29 11:25:28'),
(877, 3, 17, 3, 7, 9.9, 83.85, NULL, 2, NULL, '2022-04-29 11:25:28'),
(878, 3, 18, 4, 7, 11.1, 83.85, NULL, 21, NULL, '2022-04-29 11:25:28'),
(879, 3, 19, 4, 7, 11.1, 83.85, NULL, 20, NULL, '2022-04-29 11:25:28'),
(880, 3, 20, 4, 7, 11.1, 83.85, NULL, 20, NULL, '2022-04-29 11:25:28'),
(881, 3, 21, 4, 7, 11.1, 83.85, NULL, 3, NULL, '2022-04-29 11:25:28'),
(882, 3, 22, 4, 7, 11.1, 83.85, NULL, 7, NULL, '2022-04-29 11:25:28'),
(883, 3, 23, 4, 7, 11.1, 83.85, NULL, 3, NULL, '2022-04-29 11:25:28'),
(884, 3, 24, 5, 7, 23.4, 83.85, NULL, 42, NULL, '2022-04-29 11:25:28'),
(885, 3, 25, 5, 7, 23.4, 83.85, NULL, 36, NULL, '2022-04-29 11:25:28'),
(886, 4, 1, 1, 1, 20.25, 82.05, NULL, 24, NULL, '2022-04-29 11:05:03'),
(887, 4, 2, 1, 1, 20.25, 82.05, NULL, 18, NULL, '2022-04-29 11:05:03'),
(888, 4, 3, 1, 1, 20.25, 82.05, NULL, 20, NULL, '2022-04-29 11:05:03'),
(889, 4, 4, 1, 1, 20.25, 82.05, NULL, 16, NULL, '2022-04-29 11:05:03'),
(890, 4, 5, 1, 1, 20.25, 82.05, NULL, 3, NULL, '2022-04-29 11:05:03'),
(891, 4, 6, 2, 1, 10.35, 82.05, NULL, 22, NULL, '2022-04-29 11:05:03'),
(892, 4, 7, 2, 1, 10.35, 82.05, NULL, 17, NULL, '2022-04-29 11:05:03'),
(893, 4, 8, 2, 1, 10.35, 82.05, NULL, 14, NULL, '2022-04-29 11:05:03'),
(894, 4, 9, 2, 1, 10.35, 82.05, NULL, 11, NULL, '2022-04-29 11:05:03'),
(895, 4, 10, 2, 1, 10.35, 82.05, NULL, 4, NULL, '2022-04-29 11:05:03'),
(896, 4, 11, 2, 1, 10.35, 82.05, NULL, 1, NULL, '2022-04-29 11:05:03'),
(897, 4, 12, 3, 1, 14.1, 82.05, NULL, 22, NULL, '2022-04-29 11:05:03'),
(898, 4, 13, 3, 1, 14.1, 82.05, NULL, 23, NULL, '2022-04-29 11:05:03'),
(899, 4, 14, 3, 1, 14.1, 82.05, NULL, 19, NULL, '2022-04-29 11:05:03'),
(900, 4, 15, 3, 1, 14.1, 82.05, NULL, 15, NULL, '2022-04-29 11:05:03'),
(901, 4, 16, 3, 1, 14.1, 82.05, NULL, 10, NULL, '2022-04-29 11:05:03'),
(902, 4, 17, 3, 1, 14.1, 82.05, NULL, 5, NULL, '2022-04-29 11:05:03'),
(903, 4, 18, 4, 1, 10.35, 82.05, NULL, 15, NULL, '2022-04-29 11:05:03'),
(904, 4, 19, 4, 1, 10.35, 82.05, NULL, 15, NULL, '2022-04-29 11:05:03'),
(905, 4, 20, 4, 1, 10.35, 82.05, NULL, 25, NULL, '2022-04-29 11:05:03'),
(906, 4, 21, 4, 1, 10.35, 82.05, NULL, 1, NULL, '2022-04-29 11:05:03'),
(907, 4, 22, 4, 1, 10.35, 82.05, NULL, 9, NULL, '2022-04-29 11:05:03'),
(908, 4, 23, 4, 1, 10.35, 82.05, NULL, 4, NULL, '2022-04-29 11:05:03'),
(909, 4, 24, 5, 1, 27, 82.05, NULL, 58, NULL, '2022-04-29 11:05:03'),
(910, 4, 25, 5, 1, 27, 82.05, NULL, 32, NULL, '2022-04-29 11:05:03'),
(911, 4, 1, 1, 2, 17.5, 75.85, NULL, 20, NULL, '2022-04-29 11:08:19'),
(912, 4, 2, 1, 2, 17.5, 75.85, NULL, 18, NULL, '2022-04-29 11:08:19'),
(913, 4, 3, 1, 2, 17.5, 75.85, NULL, 13, NULL, '2022-04-29 11:08:19'),
(914, 4, 4, 1, 2, 17.5, 75.85, NULL, 18, NULL, '2022-04-29 11:08:19'),
(915, 4, 5, 1, 2, 17.5, 75.85, NULL, 1, NULL, '2022-04-29 11:08:19'),
(916, 4, 6, 2, 2, 12.6, 75.85, NULL, 28, NULL, '2022-04-29 11:08:19'),
(917, 4, 7, 2, 2, 12.6, 75.85, NULL, 20, NULL, '2022-04-29 11:08:19'),
(918, 4, 8, 2, 2, 12.6, 75.85, NULL, 12, NULL, '2022-04-29 11:08:19'),
(919, 4, 9, 2, 2, 12.6, 75.85, NULL, 13, NULL, '2022-04-29 11:08:19'),
(920, 4, 10, 2, 2, 12.6, 75.85, NULL, 10, NULL, '2022-04-29 11:08:19'),
(921, 4, 11, 2, 2, 12.6, 75.85, NULL, 1, NULL, '2022-04-29 11:08:19'),
(922, 4, 12, 3, 2, 11.1, 75.85, NULL, 15, NULL, '2022-04-29 11:08:19'),
(923, 4, 13, 3, 2, 11.1, 75.85, NULL, 25, NULL, '2022-04-29 11:08:19'),
(924, 4, 14, 3, 2, 11.1, 75.85, NULL, 19, NULL, '2022-04-29 11:08:19'),
(925, 4, 15, 3, 2, 11.1, 75.85, NULL, 11, NULL, '2022-04-29 11:08:19'),
(926, 4, 16, 3, 2, 11.1, 75.85, NULL, 1, NULL, '2022-04-29 11:08:19'),
(927, 4, 17, 3, 2, 11.1, 75.85, NULL, 3, NULL, '2022-04-29 11:08:19'),
(928, 4, 18, 4, 2, 10.65, 75.85, NULL, 24, NULL, '2022-04-29 11:08:19'),
(929, 4, 19, 4, 2, 10.65, 75.85, NULL, 24, NULL, '2022-04-29 11:08:19'),
(930, 4, 20, 4, 2, 10.65, 75.85, NULL, 11, NULL, '2022-04-29 11:08:19'),
(931, 4, 21, 4, 2, 10.65, 75.85, NULL, 2, NULL, '2022-04-29 11:08:19'),
(932, 4, 22, 4, 2, 10.65, 75.85, NULL, 9, NULL, '2022-04-29 11:08:19'),
(933, 4, 23, 4, 2, 10.65, 75.85, NULL, 1, NULL, '2022-04-29 11:08:19'),
(934, 4, 24, 5, 2, 24, 75.85, NULL, 41, NULL, '2022-04-29 11:08:19'),
(935, 4, 25, 5, 2, 24, 75.85, NULL, 39, NULL, '2022-04-29 11:08:19'),
(936, 4, 1, 1, 3, 19.75, 77.5, NULL, 25, NULL, '2022-04-29 11:10:49'),
(937, 4, 2, 1, 3, 19.75, 77.5, NULL, 19, NULL, '2022-04-29 11:10:49'),
(938, 4, 3, 1, 3, 19.75, 77.5, NULL, 17, NULL, '2022-04-29 11:10:49'),
(939, 4, 4, 1, 3, 19.75, 77.5, NULL, 17, NULL, '2022-04-29 11:10:49'),
(940, 4, 5, 1, 3, 19.75, 77.5, NULL, 1, NULL, '2022-04-29 11:10:49'),
(941, 4, 6, 2, 3, 10.95, 77.5, NULL, 22, NULL, '2022-04-29 11:10:49'),
(942, 4, 7, 2, 3, 10.95, 77.5, NULL, 20, NULL, '2022-04-29 11:10:49'),
(943, 4, 8, 2, 3, 10.95, 77.5, NULL, 15, NULL, '2022-04-29 11:10:49'),
(944, 4, 9, 2, 3, 10.95, 77.5, NULL, 10, NULL, '2022-04-29 11:10:49'),
(945, 4, 10, 2, 3, 10.95, 77.5, NULL, 3, NULL, '2022-04-29 11:10:49'),
(946, 4, 11, 2, 3, 10.95, 77.5, NULL, 3, NULL, '2022-04-29 11:10:49'),
(947, 4, 12, 3, 3, 12.45, 77.5, NULL, 21, NULL, '2022-04-29 11:10:49'),
(948, 4, 13, 3, 3, 12.45, 77.5, NULL, 25, NULL, '2022-04-29 11:10:49'),
(949, 4, 14, 3, 3, 12.45, 77.5, NULL, 13, NULL, '2022-04-29 11:10:49'),
(950, 4, 15, 3, 3, 12.45, 77.5, NULL, 14, NULL, '2022-04-29 11:10:49'),
(951, 4, 16, 3, 3, 12.45, 77.5, NULL, 6, NULL, '2022-04-29 11:10:49'),
(952, 4, 17, 3, 3, 12.45, 77.5, NULL, 4, NULL, '2022-04-29 11:10:49'),
(953, 4, 18, 4, 3, 12.15, 77.5, NULL, 19, NULL, '2022-04-29 11:10:49'),
(954, 4, 19, 4, 3, 12.15, 77.5, NULL, 21, NULL, '2022-04-29 11:10:49'),
(955, 4, 20, 4, 3, 12.15, 77.5, NULL, 21, NULL, '2022-04-29 11:10:49'),
(956, 4, 21, 4, 3, 12.15, 77.5, NULL, 6, NULL, '2022-04-29 11:10:49'),
(957, 4, 22, 4, 3, 12.15, 77.5, NULL, 10, NULL, '2022-04-29 11:10:49'),
(958, 4, 23, 4, 3, 12.15, 77.5, NULL, 4, NULL, '2022-04-29 11:10:49'),
(959, 4, 24, 5, 3, 22.2, 77.5, NULL, 49, NULL, '2022-04-29 11:10:49'),
(960, 4, 25, 5, 3, 22.2, 77.5, NULL, 25, NULL, '2022-04-29 11:10:49'),
(961, 4, 1, 1, 4, 19.5, 75.3, NULL, 26, NULL, '2022-04-29 11:13:34'),
(962, 4, 2, 1, 4, 19.5, 75.3, NULL, 21, NULL, '2022-04-29 11:13:34'),
(963, 4, 3, 1, 4, 19.5, 75.3, NULL, 13, NULL, '2022-04-29 11:13:34'),
(964, 4, 4, 1, 4, 19.5, 75.3, NULL, 13, NULL, '2022-04-29 11:13:34'),
(965, 4, 5, 1, 4, 19.5, 75.3, NULL, 5, NULL, '2022-04-29 11:13:34'),
(966, 4, 6, 2, 4, 10.5, 75.3, NULL, 22, NULL, '2022-04-29 11:13:34'),
(967, 4, 7, 2, 4, 10.5, 75.3, NULL, 16, NULL, '2022-04-29 11:13:34'),
(968, 4, 8, 2, 4, 10.5, 75.3, NULL, 13, NULL, '2022-04-29 11:13:34'),
(969, 4, 9, 2, 4, 10.5, 75.3, NULL, 15, NULL, '2022-04-29 11:13:34'),
(970, 4, 10, 2, 4, 10.5, 75.3, NULL, 1, NULL, '2022-04-29 11:13:34'),
(971, 4, 11, 2, 4, 10.5, 75.3, NULL, 3, NULL, '2022-04-29 11:13:34'),
(972, 4, 12, 3, 4, 12.45, 75.3, NULL, 25, NULL, '2022-04-29 11:13:34'),
(973, 4, 13, 3, 4, 12.45, 75.3, NULL, 24, NULL, '2022-04-29 11:13:34'),
(974, 4, 14, 3, 4, 12.45, 75.3, NULL, 11, NULL, '2022-04-29 11:13:34'),
(975, 4, 15, 3, 4, 12.45, 75.3, NULL, 12, NULL, '2022-04-29 11:13:34'),
(976, 4, 16, 3, 4, 12.45, 75.3, NULL, 6, NULL, '2022-04-29 11:13:34'),
(977, 4, 17, 3, 4, 12.45, 75.3, NULL, 5, NULL, '2022-04-29 11:13:34'),
(978, 4, 18, 4, 4, 11.55, 75.3, NULL, 21, NULL, '2022-04-29 11:13:34'),
(979, 4, 19, 4, 4, 11.55, 75.3, NULL, 23, NULL, '2022-04-29 11:13:34'),
(980, 4, 20, 4, 4, 11.55, 75.3, NULL, 13, NULL, '2022-04-29 11:13:34'),
(981, 4, 21, 4, 4, 11.55, 75.3, NULL, 9, NULL, '2022-04-29 11:13:34'),
(982, 4, 22, 4, 4, 11.55, 75.3, NULL, 6, NULL, '2022-04-29 11:13:34'),
(983, 4, 23, 4, 4, 11.55, 75.3, NULL, 5, NULL, '2022-04-29 11:13:34'),
(984, 4, 24, 5, 4, 21.3, 75.3, NULL, 43, NULL, '2022-04-29 11:13:34'),
(985, 4, 25, 5, 4, 21.3, 75.3, NULL, 28, NULL, '2022-04-29 11:13:34'),
(986, 4, 1, 1, 5, 17.25, 74.4, NULL, 21, NULL, '2022-04-29 11:17:29'),
(987, 4, 2, 1, 5, 17.25, 74.4, NULL, 16, NULL, '2022-04-29 11:17:29'),
(988, 4, 3, 1, 5, 17.25, 74.4, NULL, 13, NULL, '2022-04-29 11:17:29'),
(989, 4, 4, 1, 5, 17.25, 74.4, NULL, 17, NULL, '2022-04-29 11:17:29'),
(990, 4, 5, 1, 5, 17.25, 74.4, NULL, 2, NULL, '2022-04-29 11:17:29'),
(991, 4, 6, 2, 5, 10.8, 74.4, NULL, 20, NULL, '2022-04-29 11:17:29'),
(992, 4, 7, 2, 5, 10.8, 74.4, NULL, 16, NULL, '2022-04-29 11:17:29'),
(993, 4, 8, 2, 5, 10.8, 74.4, NULL, 20, NULL, '2022-04-29 11:17:29'),
(994, 4, 9, 2, 5, 10.8, 74.4, NULL, 11, NULL, '2022-04-29 11:17:29'),
(995, 4, 10, 2, 5, 10.8, 74.4, NULL, 3, NULL, '2022-04-29 11:17:29'),
(996, 4, 11, 2, 5, 10.8, 74.4, NULL, 2, NULL, '2022-04-29 11:17:29'),
(997, 4, 12, 3, 5, 11.7, 74.4, NULL, 24, NULL, '2022-04-29 11:17:29'),
(998, 4, 13, 3, 5, 11.7, 74.4, NULL, 17, NULL, '2022-04-29 11:17:29'),
(999, 4, 14, 3, 5, 11.7, 74.4, NULL, 16, NULL, '2022-04-29 11:17:29'),
(1000, 4, 15, 3, 5, 11.7, 74.4, NULL, 14, NULL, '2022-04-29 11:17:29'),
(1001, 4, 16, 3, 5, 11.7, 74.4, NULL, 6, NULL, '2022-04-29 11:17:29'),
(1002, 4, 17, 3, 5, 11.7, 74.4, NULL, 1, NULL, '2022-04-29 11:17:29'),
(1003, 4, 18, 4, 5, 10.95, 74.4, NULL, 20, NULL, '2022-04-29 11:17:29'),
(1004, 4, 19, 4, 5, 10.95, 74.4, NULL, 22, NULL, '2022-04-29 11:17:29'),
(1005, 4, 20, 4, 5, 10.95, 74.4, NULL, 14, NULL, '2022-04-29 11:17:29'),
(1006, 4, 21, 4, 5, 10.95, 74.4, NULL, 6, NULL, '2022-04-29 11:17:29'),
(1007, 4, 22, 4, 5, 10.95, 74.4, NULL, 6, NULL, '2022-04-29 11:17:29'),
(1008, 4, 23, 4, 5, 10.95, 74.4, NULL, 5, NULL, '2022-04-29 11:17:29'),
(1009, 4, 24, 5, 5, 23.7, 74.4, NULL, 41, NULL, '2022-04-29 11:17:29'),
(1010, 4, 25, 5, 5, 23.7, 74.4, NULL, 38, NULL, '2022-04-29 11:17:29'),
(1011, 4, 1, 1, 6, 21.75, 79.05, NULL, 30, NULL, '2022-04-29 11:20:38'),
(1012, 4, 2, 1, 6, 21.75, 79.05, NULL, 22, NULL, '2022-04-29 11:20:38'),
(1013, 4, 3, 1, 6, 21.75, 79.05, NULL, 19, NULL, '2022-04-29 11:20:38'),
(1014, 4, 4, 1, 6, 21.75, 79.05, NULL, 15, NULL, '2022-04-29 11:20:38'),
(1015, 4, 5, 1, 6, 21.75, 79.05, NULL, 1, NULL, '2022-04-29 11:20:38'),
(1016, 4, 6, 2, 6, 12.15, 79.05, NULL, 27, NULL, '2022-04-29 11:20:38'),
(1017, 4, 7, 2, 6, 12.15, 79.05, NULL, 17, NULL, '2022-04-29 11:20:38'),
(1018, 4, 8, 2, 6, 12.15, 79.05, NULL, 10, NULL, '2022-04-29 11:20:38'),
(1019, 4, 9, 2, 6, 12.15, 79.05, NULL, 15, NULL, '2022-04-29 11:20:38'),
(1020, 4, 10, 2, 6, 12.15, 79.05, NULL, 7, NULL, '2022-04-29 11:20:38'),
(1021, 4, 11, 2, 6, 12.15, 79.05, NULL, 5, NULL, '2022-04-29 11:20:38'),
(1022, 4, 12, 3, 6, 11.4, 79.05, NULL, 16, NULL, '2022-04-29 11:20:38'),
(1023, 4, 13, 3, 6, 11.4, 79.05, NULL, 24, NULL, '2022-04-29 11:20:38'),
(1024, 4, 14, 3, 6, 11.4, 79.05, NULL, 17, NULL, '2022-04-29 11:20:38'),
(1025, 4, 15, 3, 6, 11.4, 79.05, NULL, 15, NULL, '2022-04-29 11:20:38'),
(1026, 4, 16, 3, 6, 11.4, 79.05, NULL, 2, NULL, '2022-04-29 11:20:38'),
(1027, 4, 17, 3, 6, 11.4, 79.05, NULL, 2, NULL, '2022-04-29 11:20:38'),
(1028, 4, 18, 4, 6, 12.15, 79.05, NULL, 24, NULL, '2022-04-29 11:20:38'),
(1029, 4, 19, 4, 6, 12.15, 79.05, NULL, 20, NULL, '2022-04-29 11:20:38'),
(1030, 4, 20, 4, 6, 12.15, 79.05, NULL, 18, NULL, '2022-04-29 11:20:38'),
(1031, 4, 21, 4, 6, 12.15, 79.05, NULL, 8, NULL, '2022-04-29 11:20:38'),
(1032, 4, 22, 4, 6, 12.15, 79.05, NULL, 10, NULL, '2022-04-29 11:20:38'),
(1033, 4, 23, 4, 6, 12.15, 79.05, NULL, 1, NULL, '2022-04-29 11:20:38'),
(1036, 4, 24, 5, 6, 21.6, 79.05, NULL, 42, NULL, '2022-04-29 11:20:38'),
(1037, 4, 25, 5, 6, 21.6, 79.05, NULL, 30, NULL, '2022-04-29 11:20:38'),
(1038, 4, 1, 1, 7, 21.75, 83.85, NULL, 26, NULL, '2022-04-29 11:25:28'),
(1039, 4, 2, 1, 7, 21.75, 83.85, NULL, 20, NULL, '2022-04-29 11:25:28'),
(1040, 4, 3, 1, 7, 21.75, 83.85, NULL, 19, NULL, '2022-04-29 11:25:28'),
(1041, 4, 4, 1, 7, 21.75, 83.85, NULL, 20, NULL, '2022-04-29 11:25:28'),
(1042, 4, 5, 1, 7, 21.75, 83.85, NULL, 2, NULL, '2022-04-29 11:25:28'),
(1043, 4, 6, 2, 7, 12.45, 83.85, NULL, 25, NULL, '2022-04-29 11:25:28'),
(1044, 4, 7, 2, 7, 12.45, 83.85, NULL, 19, NULL, '2022-04-29 11:25:28'),
(1045, 4, 8, 2, 7, 12.45, 83.85, NULL, 16, NULL, '2022-04-29 11:25:28'),
(1046, 4, 9, 2, 7, 12.45, 83.85, NULL, 12, NULL, '2022-04-29 11:25:28'),
(1047, 4, 10, 2, 7, 12.45, 83.85, NULL, 6, NULL, '2022-04-29 11:25:28'),
(1048, 4, 11, 2, 7, 12.45, 83.85, NULL, 5, NULL, '2022-04-29 11:25:28'),
(1049, 4, 12, 3, 7, 12.15, 83.85, NULL, 24, NULL, '2022-04-29 11:25:28'),
(1050, 4, 13, 3, 7, 12.15, 83.85, NULL, 21, NULL, '2022-04-29 11:25:28'),
(1051, 4, 14, 3, 7, 12.15, 83.85, NULL, 10, NULL, '2022-04-29 11:25:28'),
(1052, 4, 15, 3, 7, 12.15, 83.85, NULL, 12, NULL, '2022-04-29 11:25:28'),
(1053, 4, 16, 3, 7, 12.15, 83.85, NULL, 10, NULL, '2022-04-29 11:25:28'),
(1054, 4, 17, 3, 7, 12.15, 83.85, NULL, 4, NULL, '2022-04-29 11:25:28'),
(1055, 4, 18, 4, 7, 9.6, 83.85, NULL, 15, NULL, '2022-04-29 11:25:28'),
(1056, 4, 19, 4, 7, 9.6, 83.85, NULL, 16, NULL, '2022-04-29 11:25:28'),
(1057, 4, 20, 4, 7, 9.6, 83.85, NULL, 18, NULL, '2022-04-29 11:25:28'),
(1058, 4, 21, 4, 7, 9.6, 83.85, NULL, 8, NULL, '2022-04-29 11:25:28'),
(1059, 4, 22, 4, 7, 9.6, 83.85, NULL, 4, NULL, '2022-04-29 11:25:28'),
(1060, 4, 23, 4, 7, 9.6, 83.85, NULL, 3, NULL, '2022-04-29 11:25:28'),
(1061, 4, 24, 5, 7, 27.9, 83.85, NULL, 59, NULL, '2022-04-29 11:25:28'),
(1062, 4, 25, 5, 7, 27.9, 83.85, NULL, 34, NULL, '2022-04-29 11:25:28');

-- --------------------------------------------------------

--
-- Table structure for table `semis`
--

CREATE TABLE `semis` (
  `id` bigint(20) UNSIGNED NOT NULL,
  `name` varchar(255) COLLATE utf8mb4_unicode_ci NOT NULL,
  `semi_percentage` double NOT NULL,
  `created_at` timestamp NULL DEFAULT NULL,
  `updated_at` timestamp NULL DEFAULT NULL
) ENGINE=InnoDB DEFAULT CHARSET=utf8mb4 COLLATE=utf8mb4_unicode_ci;

-- --------------------------------------------------------

--
-- Table structure for table `semi_scores`
--

CREATE TABLE `semi_scores` (
  `id` bigint(20) UNSIGNED NOT NULL,
  `user_id` bigint(20) UNSIGNED NOT NULL,
  `semi_id` bigint(20) UNSIGNED NOT NULL,
  `contestant_id` bigint(20) UNSIGNED NOT NULL,
  `total` double NOT NULL,
  `overAllTotal` double DEFAULT NULL,
  `overAllTotalJudge` double DEFAULT NULL,
  `score` double NOT NULL,
  `created_at` timestamp NULL DEFAULT NULL,
  `updated_at` timestamp NULL DEFAULT NULL
) ENGINE=InnoDB DEFAULT CHARSET=utf8mb4 COLLATE=utf8mb4_unicode_ci;

-- --------------------------------------------------------

--
-- Table structure for table `terminals`
--

CREATE TABLE `terminals` (
  `id` bigint(20) UNSIGNED NOT NULL,
  `name` varchar(255) COLLATE utf8mb4_unicode_ci NOT NULL,
  `term_percentage` double NOT NULL,
  `created_at` timestamp NULL DEFAULT NULL,
  `updated_at` timestamp NULL DEFAULT NULL
) ENGINE=InnoDB DEFAULT CHARSET=utf8mb4 COLLATE=utf8mb4_unicode_ci;

-- --------------------------------------------------------

--
-- Table structure for table `terminal_scores`
--

CREATE TABLE `terminal_scores` (
  `id` bigint(20) UNSIGNED NOT NULL,
  `user_id` bigint(20) UNSIGNED NOT NULL,
  `term_id` bigint(20) UNSIGNED NOT NULL,
  `contestant_id` bigint(20) UNSIGNED NOT NULL,
  `total` double NOT NULL,
  `overAllTotal` double DEFAULT NULL,
  `overAllTotalJudge` double DEFAULT NULL,
  `score` double NOT NULL,
  `created_at` timestamp NULL DEFAULT NULL,
  `updated_at` timestamp NULL DEFAULT NULL
) ENGINE=InnoDB DEFAULT CHARSET=utf8mb4 COLLATE=utf8mb4_unicode_ci;

-- --------------------------------------------------------

--
-- Table structure for table `users`
--

CREATE TABLE `users` (
  `id` bigint(20) UNSIGNED NOT NULL,
  `name` varchar(255) COLLATE utf8mb4_unicode_ci NOT NULL,
  `email` varchar(255) COLLATE utf8mb4_unicode_ci NOT NULL,
  `email_verified_at` timestamp NULL DEFAULT NULL,
  `password` varchar(255) COLLATE utf8mb4_unicode_ci NOT NULL,
  `remember_token` varchar(100) COLLATE utf8mb4_unicode_ci DEFAULT NULL,
  `created_at` timestamp NULL DEFAULT NULL,
  `updated_at` timestamp NULL DEFAULT NULL,
  `deleted_at` timestamp NULL DEFAULT NULL
) ENGINE=InnoDB DEFAULT CHARSET=utf8mb4 COLLATE=utf8mb4_unicode_ci;

--
-- Dumping data for table `users`
--

INSERT INTO `users` (`id`, `name`, `email`, `email_verified_at`, `password`, `remember_token`, `created_at`, `updated_at`, `deleted_at`) VALUES
(1, 'admin', 'admin@admin.com', '2022-04-30 06:06:53', '$2y$10$92IXUNpkjO0rOQ5byMi.Ye4oKoEa3Ro9llC/.og/at2.uheWG/igi', 'OhbbwU8Vwx', '2022-04-30 06:06:53', '2022-04-30 06:06:53', NULL),
(2, 'judge1', 'judge1@judge1.com', '2022-04-30 06:06:53', '$2y$10$92IXUNpkjO0rOQ5byMi.Ye4oKoEa3Ro9llC/.og/at2.uheWG/igi', 'yY5YXXV4CcpUuy4BifyQdKFhOqzgACpaSEXDfIcuHyvkyNMYJKfBzeN9V5oP', '2022-04-30 06:06:53', '2022-04-30 06:06:53', NULL),
(3, 'judge2', 'judge2@judge2.com', '2022-04-30 06:06:53', '$2y$10$92IXUNpkjO0rOQ5byMi.Ye4oKoEa3Ro9llC/.og/at2.uheWG/igi', '3SIvyVcoySKZq22Pp7a84v34evfsZJ7gXhjSGx70Q61hnU3Dhbpd9ZwinIN6', '2022-04-30 06:06:53', '2022-04-30 06:06:53', NULL),
(4, 'judge3', 'judge3@judge3.com', '2022-04-30 06:06:53', '$2y$10$92IXUNpkjO0rOQ5byMi.Ye4oKoEa3Ro9llC/.og/at2.uheWG/igi', 'KaEwX1oezS', '2022-04-30 06:06:53', '2022-04-30 06:06:53', NULL);

--
-- Indexes for dumped tables
--

--
-- Indexes for table `contestants`
--
ALTER TABLE `contestants`
  ADD PRIMARY KEY (`id`);

--
-- Indexes for table `criterias`
--
ALTER TABLE `criterias`
  ADD PRIMARY KEY (`id`),
  ADD KEY `criterias_event_id_foreign` (`event_id`);

--
-- Indexes for table `events`
--
ALTER TABLE `events`
  ADD PRIMARY KEY (`id`),
  ADD KEY `events_programs_id_foreign` (`programs_id`);

--
-- Indexes for table `failed_jobs`
--
ALTER TABLE `failed_jobs`
  ADD PRIMARY KEY (`id`);

--
-- Indexes for table `judges`
--
ALTER TABLE `judges`
  ADD PRIMARY KEY (`id`);

--
-- Indexes for table `migrations`
--
ALTER TABLE `migrations`
  ADD PRIMARY KEY (`id`);

--
-- Indexes for table `model_has_permissions`
--
ALTER TABLE `model_has_permissions`
  ADD PRIMARY KEY (`permission_id`,`model_id`,`model_type`),
  ADD KEY `model_has_permissions_model_id_model_type_index` (`model_id`,`model_type`);

--
-- Indexes for table `model_has_roles`
--
ALTER TABLE `model_has_roles`
  ADD PRIMARY KEY (`role_id`,`model_id`,`model_type`),
  ADD KEY `model_has_roles_model_id_model_type_index` (`model_id`,`model_type`);

--
-- Indexes for table `password_resets`
--
ALTER TABLE `password_resets`
  ADD KEY `password_resets_email_index` (`email`);

--
-- Indexes for table `permissions`
--
ALTER TABLE `permissions`
  ADD PRIMARY KEY (`id`);

--
-- Indexes for table `programs`
--
ALTER TABLE `programs`
  ADD PRIMARY KEY (`id`);

--
-- Indexes for table `roles`
--
ALTER TABLE `roles`
  ADD PRIMARY KEY (`id`);

--
-- Indexes for table `role_has_permissions`
--
ALTER TABLE `role_has_permissions`
  ADD PRIMARY KEY (`permission_id`,`role_id`),
  ADD KEY `role_has_permissions_role_id_foreign` (`role_id`);

--
-- Indexes for table `scores`
--
ALTER TABLE `scores`
  ADD PRIMARY KEY (`id`),
  ADD KEY `scores_user_id_foreign` (`user_id`),
  ADD KEY `scores_crit_id_foreign` (`crit_id`),
  ADD KEY `scores_event_id_foreign` (`event_id`),
  ADD KEY `scores_contestant_id_foreign` (`contestant_id`);

--
-- Indexes for table `semis`
--
ALTER TABLE `semis`
  ADD PRIMARY KEY (`id`);

--
-- Indexes for table `semi_scores`
--
ALTER TABLE `semi_scores`
  ADD PRIMARY KEY (`id`),
  ADD KEY `semi_scores_user_id_foreign` (`user_id`),
  ADD KEY `semi_scores_semi_id_foreign` (`semi_id`),
  ADD KEY `semi_scores_contestant_id_foreign` (`contestant_id`);

--
-- Indexes for table `terminals`
--
ALTER TABLE `terminals`
  ADD PRIMARY KEY (`id`);

--
-- Indexes for table `terminal_scores`
--
ALTER TABLE `terminal_scores`
  ADD PRIMARY KEY (`id`),
  ADD KEY `terminal_scores_user_id_foreign` (`user_id`),
  ADD KEY `terminal_scores_term_id_foreign` (`term_id`),
  ADD KEY `terminal_scores_contestant_id_foreign` (`contestant_id`);

--
-- Indexes for table `users`
--
ALTER TABLE `users`
  ADD PRIMARY KEY (`id`),
  ADD UNIQUE KEY `users_email_unique` (`email`);

--
-- AUTO_INCREMENT for dumped tables
--

--
-- AUTO_INCREMENT for table `contestants`
--
ALTER TABLE `contestants`
  MODIFY `id` bigint(20) UNSIGNED NOT NULL AUTO_INCREMENT, AUTO_INCREMENT=8;

--
-- AUTO_INCREMENT for table `criterias`
--
ALTER TABLE `criterias`
  MODIFY `id` bigint(20) UNSIGNED NOT NULL AUTO_INCREMENT, AUTO_INCREMENT=26;

--
-- AUTO_INCREMENT for table `events`
--
ALTER TABLE `events`
  MODIFY `id` bigint(20) UNSIGNED NOT NULL AUTO_INCREMENT, AUTO_INCREMENT=6;

--
-- AUTO_INCREMENT for table `failed_jobs`
--
ALTER TABLE `failed_jobs`
  MODIFY `id` bigint(20) UNSIGNED NOT NULL AUTO_INCREMENT;

--
-- AUTO_INCREMENT for table `judges`
--
ALTER TABLE `judges`
  MODIFY `id` bigint(20) UNSIGNED NOT NULL AUTO_INCREMENT;

--
-- AUTO_INCREMENT for table `migrations`
--
ALTER TABLE `migrations`
  MODIFY `id` int(10) UNSIGNED NOT NULL AUTO_INCREMENT, AUTO_INCREMENT=15;

--
-- AUTO_INCREMENT for table `permissions`
--
ALTER TABLE `permissions`
  MODIFY `id` bigint(20) UNSIGNED NOT NULL AUTO_INCREMENT;

--
-- AUTO_INCREMENT for table `programs`
--
ALTER TABLE `programs`
  MODIFY `id` bigint(20) UNSIGNED NOT NULL AUTO_INCREMENT, AUTO_INCREMENT=2;

--
-- AUTO_INCREMENT for table `roles`
--
ALTER TABLE `roles`
  MODIFY `id` bigint(20) UNSIGNED NOT NULL AUTO_INCREMENT, AUTO_INCREMENT=4;

--
-- AUTO_INCREMENT for table `scores`
--
ALTER TABLE `scores`
  MODIFY `id` bigint(20) UNSIGNED NOT NULL AUTO_INCREMENT, AUTO_INCREMENT=1063;

--
-- AUTO_INCREMENT for table `semis`
--
ALTER TABLE `semis`
  MODIFY `id` bigint(20) UNSIGNED NOT NULL AUTO_INCREMENT;

--
-- AUTO_INCREMENT for table `semi_scores`
--
ALTER TABLE `semi_scores`
  MODIFY `id` bigint(20) UNSIGNED NOT NULL AUTO_INCREMENT;

--
-- AUTO_INCREMENT for table `terminals`
--
ALTER TABLE `terminals`
  MODIFY `id` bigint(20) UNSIGNED NOT NULL AUTO_INCREMENT;

--
-- AUTO_INCREMENT for table `terminal_scores`
--
ALTER TABLE `terminal_scores`
  MODIFY `id` bigint(20) UNSIGNED NOT NULL AUTO_INCREMENT;

--
-- AUTO_INCREMENT for table `users`
--
ALTER TABLE `users`
  MODIFY `id` bigint(20) UNSIGNED NOT NULL AUTO_INCREMENT, AUTO_INCREMENT=5;

--
-- Constraints for dumped tables
--

--
-- Constraints for table `criterias`
--
ALTER TABLE `criterias`
  ADD CONSTRAINT `criterias_event_id_foreign` FOREIGN KEY (`event_id`) REFERENCES `events` (`id`) ON DELETE CASCADE;

--
-- Constraints for table `events`
--
ALTER TABLE `events`
  ADD CONSTRAINT `events_programs_id_foreign` FOREIGN KEY (`programs_id`) REFERENCES `programs` (`id`) ON DELETE CASCADE;

--
-- Constraints for table `model_has_permissions`
--
ALTER TABLE `model_has_permissions`
  ADD CONSTRAINT `model_has_permissions_permission_id_foreign` FOREIGN KEY (`permission_id`) REFERENCES `permissions` (`id`) ON DELETE CASCADE;

--
-- Constraints for table `model_has_roles`
--
ALTER TABLE `model_has_roles`
  ADD CONSTRAINT `model_has_roles_role_id_foreign` FOREIGN KEY (`role_id`) REFERENCES `roles` (`id`) ON DELETE CASCADE;

--
-- Constraints for table `role_has_permissions`
--
ALTER TABLE `role_has_permissions`
  ADD CONSTRAINT `role_has_permissions_permission_id_foreign` FOREIGN KEY (`permission_id`) REFERENCES `permissions` (`id`) ON DELETE CASCADE,
  ADD CONSTRAINT `role_has_permissions_role_id_foreign` FOREIGN KEY (`role_id`) REFERENCES `roles` (`id`) ON DELETE CASCADE;

--
-- Constraints for table `scores`
--
ALTER TABLE `scores`
  ADD CONSTRAINT `scores_contestant_id_foreign` FOREIGN KEY (`contestant_id`) REFERENCES `contestants` (`id`) ON DELETE CASCADE,
  ADD CONSTRAINT `scores_crit_id_foreign` FOREIGN KEY (`crit_id`) REFERENCES `criterias` (`id`) ON DELETE CASCADE,
  ADD CONSTRAINT `scores_event_id_foreign` FOREIGN KEY (`event_id`) REFERENCES `events` (`id`) ON DELETE CASCADE,
  ADD CONSTRAINT `scores_user_id_foreign` FOREIGN KEY (`user_id`) REFERENCES `users` (`id`) ON DELETE CASCADE;

--
-- Constraints for table `semi_scores`
--
ALTER TABLE `semi_scores`
  ADD CONSTRAINT `semi_scores_contestant_id_foreign` FOREIGN KEY (`contestant_id`) REFERENCES `contestants` (`id`) ON DELETE CASCADE,
  ADD CONSTRAINT `semi_scores_semi_id_foreign` FOREIGN KEY (`semi_id`) REFERENCES `semis` (`id`) ON DELETE CASCADE,
  ADD CONSTRAINT `semi_scores_user_id_foreign` FOREIGN KEY (`user_id`) REFERENCES `users` (`id`) ON DELETE CASCADE;

--
-- Constraints for table `terminal_scores`
--
ALTER TABLE `terminal_scores`
  ADD CONSTRAINT `terminal_scores_contestant_id_foreign` FOREIGN KEY (`contestant_id`) REFERENCES `contestants` (`id`) ON DELETE CASCADE,
  ADD CONSTRAINT `terminal_scores_term_id_foreign` FOREIGN KEY (`term_id`) REFERENCES `terminals` (`id`) ON DELETE CASCADE,
  ADD CONSTRAINT `terminal_scores_user_id_foreign` FOREIGN KEY (`user_id`) REFERENCES `users` (`id`) ON DELETE CASCADE;
COMMIT;

/*!40101 SET CHARACTER_SET_CLIENT=@OLD_CHARACTER_SET_CLIENT */;
/*!40101 SET CHARACTER_SET_RESULTS=@OLD_CHARACTER_SET_RESULTS */;
/*!40101 SET COLLATION_CONNECTION=@OLD_COLLATION_CONNECTION */;
